{
  "metadata": {
    "format": "zigpy/open-coordinator-backup",
    "version": 1,
    "source": "zigbee-herdsman@0.13.176",
    "internal": {
      "date": "2021-12-03T10:22:31.493Z",
      "znpVersion": 0
    }
  },
  "stack_specific": {
    "zstack": {}
  },
  "coordinator_ieee": "00124b0019364e66",
  "pan_id": "1a62",
  "extended_pan_id": "00124b0019364e66",
  "nwk_update_id": 0,
  "security_level": 5,
  "channel": 11,
  "channel_mask": [
    11
  ],
  "network_key": {
    "key": "01030507090b0d0f00020406080a0c0d",
    "sequence_number": 0,
    "frame_counter": 0
  },
  "devices": [
    {
      "nwk_address": "8996",
      "ieee_address": "00124b0019364df5",
      "is_child": true
    },
    {
      "nwk_address": "9743",
      "ieee_address": "00158d0004830134",
      "is_child": true
    },
    {
      "nwk_address": "15e8",
      "ieee_address": "842e14fffe400e1e",
      "is_child": false
    },
    {
      "nwk_address": "64c5",
      "ieee_address": "60a423fffef86cef",
      "is_child": false
    },
    {
      "nwk_address": "e7cd",
      "ieee_address": "14b457fffe71e491",
      "is_child": false
    },
    {
      "nwk_address": "2410",
      "ieee_address": "84fd27fffebd2f85",
      "is_child": false
    },
    {
      "nwk_address": "5125",
      "ieee_address": "588e81fffe077d5f",
      "is_child": false
    },
    {
      "nwk_address": "b23a",
      "ieee_address": "0c4314fffeaca320",
      "is_child": false
    }
  ]
}